week_no,published,rank,artist,title,in_jul14_100,in_jul7_100,source_url
221,2017-12-15,1,BROCKHAMPTON,BOOGIE,no,no,https://stereogum.com/1976037/the-5-best-songs-of-the-week-221/
221,2017-12-15,2,Lucy Dacus,Night Shift,no,no,https://stereogum.com/1976037/the-5-best-songs-of-the-week-221/
221,2017-12-15,3,Lemuria,Sliver Of Change,no,no,https://stereogum.com/1976037/the-5-best-songs-of-the-week-221/
221,2017-12-15,4,Kississippi,Cut Yr Teeth,no,no,https://stereogum.com/1976037/the-5-best-songs-of-the-week-221/
221,2017-12-15,5,Charli XCX,Unlock It (Feat. Kim Petras And Jay Park),no,no,https://stereogum.com/1976037/the-5-best-songs-of-the-week-221/
220,2017-12-08,1,Sufjan Stevens,Tonya Harding,no,no,https://stereogum.com/1974642/the-5-best-songs-of-the-week-220/
220,2017-12-08,2,Scarface,Black Still,no,no,https://stereogum.com/1974642/the-5-best-songs-of-the-week-220/
220,2017-12-08,3,Marching Church,Christmas On Earth,no,no,https://stereogum.com/1974642/the-5-best-songs-of-the-week-220/
220,2017-12-08,4,Closer,Gift Shop,no,no,https://stereogum.com/1974642/the-5-best-songs-of-the-week-220/
220,2017-12-08,5,Long Neck,Mine/Yours,no,no,https://stereogum.com/1974642/the-5-best-songs-of-the-week-220/
219,2017-12-01,1,G Perico,Affiliated,no,no,https://stereogum.com/1973589/the-5-best-songs-of-the-week-219/
219,2017-12-01,2,Björk,Arisen My Senses,no,no,https://stereogum.com/1973589/the-5-best-songs-of-the-week-219/
219,2017-12-01,3,The Hold Steady,Entitlement Crew,no,no,https://stereogum.com/1973589/the-5-best-songs-of-the-week-219/
219,2017-12-01,4,No Age,Drippy,no,no,https://stereogum.com/1973589/the-5-best-songs-of-the-week-219/
219,2017-12-01,5,U.S. Girls,Velvet 4 Sale,no,no,https://stereogum.com/1973589/the-5-best-songs-of-the-week-219/
218,2017-11-17,1,Björk,Blissing Me,no,no,https://stereogum.com/1972078/the-5-best-songs-of-the-week-218/
218,2017-11-17,2,The Royal They,Sludgefucker,no,no,https://stereogum.com/1972078/the-5-best-songs-of-the-week-218/
218,2017-11-17,3,Saintseneca,Moon Barks At The Dog,no,no,https://stereogum.com/1972078/the-5-best-songs-of-the-week-218/
218,2017-11-17,4,BC Unidos,Trouble In The Streets (Feat. Carly Rae Jepsen),no,no,https://stereogum.com/1972078/the-5-best-songs-of-the-week-218/
218,2017-11-17,5,Camp Cope,The Opener,no,no,https://stereogum.com/1972078/the-5-best-songs-of-the-week-218/
217,2017-11-10,1,Johanna Warren,Here To Tell,no,no,https://stereogum.com/1971317/the-5-best-songs-of-the-week-217/
217,2017-11-10,2,Superchunk,What A Time To Be Alive,no,no,https://stereogum.com/1971317/the-5-best-songs-of-the-week-217/
217,2017-11-10,3,Kamaiyah,Dope Bitch,no,no,https://stereogum.com/1971317/the-5-best-songs-of-the-week-217/
217,2017-11-10,4,Miguel,Told You So,no,no,https://stereogum.com/1971317/the-5-best-songs-of-the-week-217/
217,2017-11-10,5,The Staves & yMusic,Trouble On My Mind,no,no,https://stereogum.com/1971317/the-5-best-songs-of-the-week-217/
216,2017-11-03,1,Fever Ray,This Country,no,no,https://stereogum.com/1970457/the-5-best-songs-of-the-week-216/
216,2017-11-03,2,Yaeji,Raingurl,no,no,https://stereogum.com/1970457/the-5-best-songs-of-the-week-216/
216,2017-11-03,3,Pinegrove,Intrepid,no,no,https://stereogum.com/1970457/the-5-best-songs-of-the-week-216/
216,2017-11-03,4,N.E.R.D.,Lemon (Feat. Rihanna),no,no,https://stereogum.com/1970457/the-5-best-songs-of-the-week-216/
216,2017-11-03,5,Harakiri For The Sky,Tomb Omnia,no,no,https://stereogum.com/1970457/the-5-best-songs-of-the-week-216/
215,2017-10-27,1,Brian Eno & Kevin Shields,Only Once Away My Son,no,no,https://stereogum.com/1969300/the-5-best-songs-of-the-week-215/
215,2017-10-27,2,Poppy Ackroyd,The Calm Before,no,no,https://stereogum.com/1969300/the-5-best-songs-of-the-week-215/
215,2017-10-27,3,Trashique (Grimes x HANA),Dark Come Soon (Tegan And Sara Cover),no,no,https://stereogum.com/1969300/the-5-best-songs-of-the-week-215/
215,2017-10-27,4,John Maus,Touchdown,no,no,https://stereogum.com/1969300/the-5-best-songs-of-the-week-215/
215,2017-10-27,5,Future & Young Thug,Patek Water (Feat. Offset),no,no,https://stereogum.com/1969300/the-5-best-songs-of-the-week-215/
214,2017-10-20,1,Fever Ray,To The Moon And Back,no,no,https://stereogum.com/1968206/the-5-best-songs-of-the-week-214/
214,2017-10-20,2,Screaming Females,Glass House,no,no,https://stereogum.com/1968206/the-5-best-songs-of-the-week-214/
214,2017-10-20,3,SOPHIE,It's Okay To Cry,no,no,https://stereogum.com/1968206/the-5-best-songs-of-the-week-214/
214,2017-10-20,4,Miya Folick,Give It To Me,no,no,https://stereogum.com/1968206/the-5-best-songs-of-the-week-214/
214,2017-10-20,5,The Soft Moon,Burn,no,no,https://stereogum.com/1968206/the-5-best-songs-of-the-week-214/
213,2017-10-13,1,St. Vincent,Pills,no,no,https://stereogum.com/1967178/the-5-best-songs-of-the-week-213/
213,2017-10-13,2,Julien Baker,Turn Out The Lights,no,no,https://stereogum.com/1967178/the-5-best-songs-of-the-week-213/
213,2017-10-13,3,No Age,Soft Collar Fad,no,no,https://stereogum.com/1967178/the-5-best-songs-of-the-week-213/
213,2017-10-13,4,Sufjan Stevens,Wallowa Lake Monster,no,no,https://stereogum.com/1967178/the-5-best-songs-of-the-week-213/
213,2017-10-13,5,Anna Burch,2 Cool 2 Care,no,no,https://stereogum.com/1967178/the-5-best-songs-of-the-week-213/
212,2017-10-06,1,Yaeji,Drink I'm Sippin On,no,no,https://stereogum.com/1966074/the-5-best-songs-of-the-week-212/
212,2017-10-06,2,Kamaiyah,Successful,no,no,https://stereogum.com/1966074/the-5-best-songs-of-the-week-212/
212,2017-10-06,3,"Slaughter Beach, Dog",Acolyte,no,no,https://stereogum.com/1966074/the-5-best-songs-of-the-week-212/
212,2017-10-06,4,U.S. Girls,Mad As Hell,no,no,https://stereogum.com/1966074/the-5-best-songs-of-the-week-212/
212,2017-10-06,5,Quicksand,Cosmonauts,no,no,https://stereogum.com/1966074/the-5-best-songs-of-the-week-212/
211,2017-09-29,1,ABRA,Novacane,no,no,https://stereogum.com/1964955/the-5-best-songs-of-the-week-211/
211,2017-09-29,2,The Weather Station,You And I (On The Other Side Of The World),no,no,https://stereogum.com/1964955/the-5-best-songs-of-the-week-211/
211,2017-09-29,3,Screaming Females,Black Moon,no,no,https://stereogum.com/1964955/the-5-best-songs-of-the-week-211/
211,2017-09-29,4,Converge,Reptilian,no,no,https://stereogum.com/1964955/the-5-best-songs-of-the-week-211/
211,2017-09-29,5,Chance The Rapper,First World Problems,no,no,https://stereogum.com/1964955/the-5-best-songs-of-the-week-211/
210,2017-09-22,1,Charlotte Gainsbourg,Deadly Valentine,no,no,https://stereogum.com/1963885/the-5-best-songs-of-the-week-210/
210,2017-09-22,2,Torres,Helen In The Woods,no,no,https://stereogum.com/1963885/the-5-best-songs-of-the-week-210/
210,2017-09-22,3,Morrissey,Spent The Day In Bed,no,no,https://stereogum.com/1963885/the-5-best-songs-of-the-week-210/
210,2017-09-22,4,Circuit Des Yeux,Black Fly,no,no,https://stereogum.com/1963885/the-5-best-songs-of-the-week-210/
210,2017-09-22,5,Björk,The Gate,no,no,https://stereogum.com/1963885/the-5-best-songs-of-the-week-210/
209,2017-09-15,1,Hundred Waters,Wave To Anchor,no,no,https://stereogum.com/1962814/the-5-best-songs-of-the-week-209/
209,2017-09-15,2,Makthaverskan,Eden,no,no,https://stereogum.com/1962814/the-5-best-songs-of-the-week-209/
209,2017-09-15,3,BADBADNOTGOOD,Confessions Pt III (Feat. Colin Stetson),no,no,https://stereogum.com/1962814/the-5-best-songs-of-the-week-209/
209,2017-09-15,4,Jessie Ware,Alone,no,no,https://stereogum.com/1962814/the-5-best-songs-of-the-week-209/
209,2017-09-15,5,Wolves In The Throne Room,"Mother Owl, Father Ocean",no,no,https://stereogum.com/1962814/the-5-best-songs-of-the-week-209/
208,2017-09-08,1,St. Vincent,Los Ageless,no,no,https://stereogum.com/1961529/the-5-best-songs-of-the-week-208/
208,2017-09-08,2,Taylor Swift,...Ready For It?,no,no,https://stereogum.com/1961529/the-5-best-songs-of-the-week-208/
208,2017-09-08,3,Kelela,Frontline,no,no,https://stereogum.com/1961529/the-5-best-songs-of-the-week-208/
208,2017-09-08,4,Yung Lean,Red Bottom Sky,no,no,https://stereogum.com/1961529/the-5-best-songs-of-the-week-208/
208,2017-09-08,5,Ted Leo,Can't Go Back,no,no,https://stereogum.com/1961529/the-5-best-songs-of-the-week-208/
207,2017-09-01,1,Zola Jesus,Siphon,no,no,https://stereogum.com/1960562/the-5-best-songs-of-the-week-207/
207,2017-09-01,2,The National,Day I Die,no,no,https://stereogum.com/1960562/the-5-best-songs-of-the-week-207/
207,2017-09-01,3,Fergie,You Already Know (Feat. Nicki Minaj),no,no,https://stereogum.com/1960562/the-5-best-songs-of-the-week-207/
207,2017-09-01,4,Lil Uzi Vert,Neon Guts (Feat. Pharrell),no,no,https://stereogum.com/1960562/the-5-best-songs-of-the-week-207/
207,2017-09-01,5,Courtney Barnett & Kurt Vile,Over Everything,no,no,https://stereogum.com/1960562/the-5-best-songs-of-the-week-207/
206,2017-08-25,1,Brockhampton,Sweet,no,no,https://stereogum.com/1959475/the-5-best-songs-of-the-week-206/
206,2017-08-25,2,Quicksand,Illuminant,no,no,https://stereogum.com/1959475/the-5-best-songs-of-the-week-206/
206,2017-08-25,3,Brand New,Can't Get It Out,no,no,https://stereogum.com/1959475/the-5-best-songs-of-the-week-206/
206,2017-08-25,4,Common Holly,Nothing,no,no,https://stereogum.com/1959475/the-5-best-songs-of-the-week-206/
206,2017-08-25,5,Andrew Hung,Animal,no,no,https://stereogum.com/1959475/the-5-best-songs-of-the-week-206/
205,2017-08-18,1,LCD Soundsystem,Tonite,no,no,https://stereogum.com/1958077/the-5-best-songs-of-the-week-205/
205,2017-08-18,2,Alvvays,Plimsoll Punks,no,no,https://stereogum.com/1958077/the-5-best-songs-of-the-week-205/
205,2017-08-18,3,Makthaverskan,In My Dreams,no,no,https://stereogum.com/1958077/the-5-best-songs-of-the-week-205/
205,2017-08-18,4,Julien Baker,Appointments,no,no,https://stereogum.com/1958077/the-5-best-songs-of-the-week-205/
205,2017-08-18,5,Brockhampton,Junky,no,no,https://stereogum.com/1958077/the-5-best-songs-of-the-week-205/
204,2017-08-11,1,The Horrors,Something To Remember Me By,no,no,https://stereogum.com/1956905/the-5-best-songs-of-the-week-204/
204,2017-08-11,2,Rae Sremmurd,"Perplexing Pegasus""",no,no,https://stereogum.com/1956905/the-5-best-songs-of-the-week-204/
204,2017-08-11,3,The National,Carin At The Liquor Store,no,no,https://stereogum.com/1956905/the-5-best-songs-of-the-week-204/
204,2017-08-11,4,Strange Ranger,House Show,no,no,https://stereogum.com/1956905/the-5-best-songs-of-the-week-204/
204,2017-08-11,5,Moses Sumney,Quarrel,no,no,https://stereogum.com/1956905/the-5-best-songs-of-the-week-204/
203,2017-08-04,1,Kelela,LMK,no,no,https://stereogum.com/1955901/the-5-best-songs-of-the-week-203/
203,2017-08-04,2,Circuit Des Yeux,Paper Bag,no,no,https://stereogum.com/1955901/the-5-best-songs-of-the-week-203/
203,2017-08-04,3,Partner,Play The Field,no,no,https://stereogum.com/1955901/the-5-best-songs-of-the-week-203/
203,2017-08-04,4,Brockhampton,Gummy,no,no,https://stereogum.com/1955901/the-5-best-songs-of-the-week-203/
203,2017-08-04,5,Weaves,#53,no,no,https://stereogum.com/1955901/the-5-best-songs-of-the-week-203/
202,2017-07-28,1,Charli XCX,Boys,no,no,https://stereogum.com/1954588/the-5-best-songs-of-the-week-202/
202,2017-07-28,2,Converge,Eve,no,no,https://stereogum.com/1954588/the-5-best-songs-of-the-week-202/
202,2017-07-28,3,Purity Ring,Asido,no,no,https://stereogum.com/1954588/the-5-best-songs-of-the-week-202/
202,2017-07-28,4,Jessica Lea Mayfield,Sorry Is Gone,no,no,https://stereogum.com/1954588/the-5-best-songs-of-the-week-202/
202,2017-07-28,5,Lomelda,Out There,no,no,https://stereogum.com/1954588/the-5-best-songs-of-the-week-202/
201,2017-07-21,1,Waxahatchee,Hear You,no,no,https://stereogum.com/1953417/the-5-best-songs-of-the-week-201/
201,2017-07-21,2,The Weather Station,Thirty,no,no,https://stereogum.com/1953417/the-5-best-songs-of-the-week-201/
201,2017-07-21,3,The War On Drugs,Strangest Thing,no,no,https://stereogum.com/1953417/the-5-best-songs-of-the-week-201/
201,2017-07-21,4,Oneohtrix Point Never,Leaving The Park,no,no,https://stereogum.com/1953417/the-5-best-songs-of-the-week-201/
201,2017-07-21,5,UV-TV,Go Away,no,no,https://stereogum.com/1953417/the-5-best-songs-of-the-week-201/
200,2017-07-14,1,Lomelda,Interstate Vision,yes,no,https://stereogum.com/1952136/the-5-best-songs-of-the-week-200/
200,2017-07-14,2,The Blow,Get Up,yes,no,https://stereogum.com/1952136/the-5-best-songs-of-the-week-200/
200,2017-07-14,3,Nine Inch Nails,LESS THAN,yes,no,https://stereogum.com/1952136/the-5-best-songs-of-the-week-200/
200,2017-07-14,4,Melkbelly,Kid Kreative,yes,no,https://stereogum.com/1952136/the-5-best-songs-of-the-week-200/
200,2017-07-14,5,French Montana,Bring Dem Things (Feat. Pharrell),yes,no,https://stereogum.com/1952136/the-5-best-songs-of-the-week-200/
199,2017-07-07,1,Ted Leo,You're Like Me,yes,yes,https://stereogum.com/1950823/the-5-best-songs-of-the-week-199/
199,2017-07-07,2,JAY-Z,The Story Of O.J.,yes,yes,https://stereogum.com/1950823/the-5-best-songs-of-the-week-199/
199,2017-07-07,3,St. Vincent,New York,yes,yes,https://stereogum.com/1950823/the-5-best-songs-of-the-week-199/
199,2017-07-07,4,Kesha,Praying,yes,yes,https://stereogum.com/1950823/the-5-best-songs-of-the-week-199/
199,2017-07-07,5,Japanese Breakfast,Road Head,yes,yes,https://stereogum.com/1950823/the-5-best-songs-of-the-week-199/
198,2017-06-30,1,Mal Devisa,You Are My Sunshine,yes,yes,https://stereogum.com/1949922/the-5-best-songs-of-the-week-198/
198,2017-06-30,2,Deerhoof,I Will Spite Survive (Feat. Jenn Wasner),yes,yes,https://stereogum.com/1949922/the-5-best-songs-of-the-week-198/
198,2017-06-30,3,Partner,Sex Object,yes,yes,https://stereogum.com/1949922/the-5-best-songs-of-the-week-198/
198,2017-06-30,4,Moses Sumney,Doomed,yes,yes,https://stereogum.com/1949922/the-5-best-songs-of-the-week-198/
198,2017-06-30,5,Half Waif,Cary,yes,yes,https://stereogum.com/1949922/the-5-best-songs-of-the-week-198/
197,2017-06-23,1,Lorde,Supercut,yes,yes,https://stereogum.com/1948750/the-5-best-songs-of-the-week-197/
197,2017-06-23,2,Soccer Mommy,Allison,yes,yes,https://stereogum.com/1948750/the-5-best-songs-of-the-week-197/
197,2017-06-23,3,Madeline Kenney,Rita,yes,yes,https://stereogum.com/1948750/the-5-best-songs-of-the-week-197/
197,2017-06-23,4,Calvin Harris,"Feels (Feat. Pharrell Williams, Katy Perry, & Big Sean)",yes,yes,https://stereogum.com/1948750/the-5-best-songs-of-the-week-197/
197,2017-06-23,5,DJDS,Trees On Fire (Feat. Amber Mark & Marco McKinnis),yes,yes,https://stereogum.com/1948750/the-5-best-songs-of-the-week-197/
196,2017-06-16,1,Lorde,Sober,yes,yes,https://stereogum.com/1947334/the-5-best-songs-of-the-week-196/
196,2017-06-16,2,SZA,Supermodel,yes,yes,https://stereogum.com/1947334/the-5-best-songs-of-the-week-196/
196,2017-06-16,3,Chelsea Wolfe,16 Psyche,yes,yes,https://stereogum.com/1947334/the-5-best-songs-of-the-week-196/
196,2017-06-16,4,Emily Haines & The Soft Skeleton,Fatal Gift,yes,yes,https://stereogum.com/1947334/the-5-best-songs-of-the-week-196/
196,2017-06-16,5,Algiers,Cleveland,yes,yes,https://stereogum.com/1947334/the-5-best-songs-of-the-week-196/
195,2017-06-09,1,Waxahatchee,Never Been Wrong,yes,yes,https://stereogum.com/1945923/the-5-best-songs-of-the-week-195/
195,2017-06-09,2,Alvvays,In Undertow,yes,yes,https://stereogum.com/1945923/the-5-best-songs-of-the-week-195/
195,2017-06-09,3,Todd Terje,Maskindans (Feat. Det Gylne Triangel),yes,yes,https://stereogum.com/1945923/the-5-best-songs-of-the-week-195/
195,2017-06-09,4,Julia Michaels,Uh Huh,yes,yes,https://stereogum.com/1945923/the-5-best-songs-of-the-week-195/
195,2017-06-09,5,Guerilla Toss,Betty Dreams Of Green Men,yes,yes,https://stereogum.com/1945923/the-5-best-songs-of-the-week-195/
194,2017-06-02,1,Carly Rae Jepsen,Cut To The Feeling,yes,yes,https://stereogum.com/1944503/the-5-best-songs-of-the-week-194/
194,2017-06-02,2,Rainer Maria,Lower Worlds,yes,yes,https://stereogum.com/1944503/the-5-best-songs-of-the-week-194/
194,2017-06-02,3,Lorde,Perfect Places,yes,yes,https://stereogum.com/1944503/the-5-best-songs-of-the-week-194/
194,2017-06-02,4,The War On Drugs,Holding On,yes,yes,https://stereogum.com/1944503/the-5-best-songs-of-the-week-194/
194,2017-06-02,5,Katie Dey,Battery (Demo),yes,yes,https://stereogum.com/1944503/the-5-best-songs-of-the-week-194/
193,2017-05-26,1,Downtown Boys,A Wall,yes,yes,https://stereogum.com/1943297/the-5-best-songs-of-the-week-193/
193,2017-05-26,2,Katie Ellen,Lucy Stone,yes,yes,https://stereogum.com/1943297/the-5-best-songs-of-the-week-193/
193,2017-05-26,3,Amy O,Lavender Night,yes,yes,https://stereogum.com/1943297/the-5-best-songs-of-the-week-193/
193,2017-05-26,4,The Pollyseeds,Intention,yes,yes,https://stereogum.com/1943297/the-5-best-songs-of-the-week-193/
193,2017-05-26,5,Crumb,Plants,yes,yes,https://stereogum.com/1943297/the-5-best-songs-of-the-week-193/
192,2017-05-19,1,Broken Social Scene,Hug Of Thunder,yes,yes,https://stereogum.com/1942151/the-5-best-songs-of-the-week-192/
192,2017-05-19,2,Soccer Mommy,Out Worn,yes,yes,https://stereogum.com/1942151/the-5-best-songs-of-the-week-192/
192,2017-05-19,3,Selena Gomez,Bad Liar,yes,yes,https://stereogum.com/1942151/the-5-best-songs-of-the-week-192/
192,2017-05-19,4,Guerilla Toss,The String Game,yes,yes,https://stereogum.com/1942151/the-5-best-songs-of-the-week-192/
192,2017-05-19,5,Grizzly Bear,Mourning Sound,yes,yes,https://stereogum.com/1942151/the-5-best-songs-of-the-week-192/
191,2017-05-12,1,The National,The System Only Dreams In Total Darkness,yes,yes,https://stereogum.com/1940817/the-5-best-songs-of-the-week-191/
191,2017-05-12,2,Hundred Waters,Particle,yes,yes,https://stereogum.com/1940817/the-5-best-songs-of-the-week-191/
191,2017-05-12,3,Elder,The Falling Veil,yes,yes,https://stereogum.com/1940817/the-5-best-songs-of-the-week-191/
191,2017-05-12,4,Hundredth,Youth,yes,yes,https://stereogum.com/1940817/the-5-best-songs-of-the-week-191/
191,2017-05-12,5,"Now, Now",SGL,yes,yes,https://stereogum.com/1940817/the-5-best-songs-of-the-week-191/
190,2017-05-05,1,(Sandy) Alex G,Sportstar,yes,yes,https://stereogum.com/1939548/the-5-best-songs-of-the-week-190/
190,2017-05-05,2,LCD Soundsystem,Call The Police,yes,yes,https://stereogum.com/1939548/the-5-best-songs-of-the-week-190/
190,2017-05-05,3,Paramore,Told You So,yes,yes,https://stereogum.com/1939548/the-5-best-songs-of-the-week-190/
190,2017-05-05,4,Japanese Breakfast,Machinist,yes,yes,https://stereogum.com/1939548/the-5-best-songs-of-the-week-190/
190,2017-05-05,5,Waxahatchee,No Curse,yes,yes,https://stereogum.com/1939548/the-5-best-songs-of-the-week-190/
189,2017-04-28,1,Frank Ocean,Lens,yes,yes,https://stereogum.com/1938132/the-5-best-songs-of-the-week-189/
189,2017-04-28,2,The War On Drugs,Thinking Of A Place,yes,yes,https://stereogum.com/1938132/the-5-best-songs-of-the-week-189/
189,2017-04-28,3,Palm,Walkie Talkie,yes,yes,https://stereogum.com/1938132/the-5-best-songs-of-the-week-189/
189,2017-04-28,4,Jeff Rosenstock,Dramamine,yes,yes,https://stereogum.com/1938132/the-5-best-songs-of-the-week-189/
189,2017-04-28,5,SZA,Love Galore (Feat. Travis Scott),yes,yes,https://stereogum.com/1938132/the-5-best-songs-of-the-week-189/
188,2017-04-21,1,Kendrick Lamar,DNA,yes,yes,https://stereogum.com/1936591/the-5-best-songs-of-the-week-188/
188,2017-04-21,2,Waxahatchee,Silver,yes,yes,https://stereogum.com/1936591/the-5-best-songs-of-the-week-188/
188,2017-04-21,3,EMA,Aryan Nation,yes,yes,https://stereogum.com/1936591/the-5-best-songs-of-the-week-188/
188,2017-04-21,4,Juana Molina,Lentísimo Halo,yes,yes,https://stereogum.com/1936591/the-5-best-songs-of-the-week-188/
188,2017-04-21,5,Perfume Genius,Go Ahead,yes,yes,https://stereogum.com/1936591/the-5-best-songs-of-the-week-188/
187,2017-04-14,1,Flasher,Burn Blue,yes,yes,https://stereogum.com/1935179/the-5-best-songs-of-the-week-187/
187,2017-04-14,2,Kamasi Washington,Truth,yes,yes,https://stereogum.com/1935179/the-5-best-songs-of-the-week-187/
187,2017-04-14,3,PWR BTTM,LOL,yes,yes,https://stereogum.com/1935179/the-5-best-songs-of-the-week-187/
187,2017-04-14,4,Girlpool,It Gets More Blue,yes,yes,https://stereogum.com/1935179/the-5-best-songs-of-the-week-187/
187,2017-04-14,5,Land Of Talk,Loving,yes,yes,https://stereogum.com/1935179/the-5-best-songs-of-the-week-187/
186,2017-04-07,1,Charly Bliss,Black Hole,yes,yes,https://stereogum.com/1933995/the-5-best-songs-of-the-week-186/
186,2017-04-07,2,(Sandy) Alex G,Proud,yes,yes,https://stereogum.com/1933995/the-5-best-songs-of-the-week-186/
186,2017-04-07,3,Cashmere Cat,9 (After Coachella) (Feat. MØ & SOPHIE),yes,yes,https://stereogum.com/1933995/the-5-best-songs-of-the-week-186/
186,2017-04-07,4,Calvin Harris,"Heatstroke (Feat. Young Thug, Pharrell, & Ariana Grande)",yes,yes,https://stereogum.com/1933995/the-5-best-songs-of-the-week-186/
186,2017-04-07,5,Amber Mark,Lose My Cool,yes,yes,https://stereogum.com/1933995/the-5-best-songs-of-the-week-186/
185,2017-03-31,1,Kendrick Lamar,HUMBLE.,yes,yes,https://stereogum.com/1932826/the-5-best-songs-of-the-week-185/
185,2017-03-31,2,Kendrick Lamar,The Heart Part 4,yes,yes,https://stereogum.com/1932826/the-5-best-songs-of-the-week-185/
185,2017-03-31,3,Slowdive,Sugar For The Pill,yes,yes,https://stereogum.com/1932826/the-5-best-songs-of-the-week-185/
185,2017-03-31,4,Broken Social Scene,Halfway Home,yes,yes,https://stereogum.com/1932826/the-5-best-songs-of-the-week-185/
185,2017-03-31,5,Show Me The Body,"In A Grave (Feat. Denzel Curry, Eartheater, & Moor Mother)",yes,yes,https://stereogum.com/1932826/the-5-best-songs-of-the-week-185/
184,2017-03-24,1,Perfume Genius,Slip Away,yes,yes,https://stereogum.com/1931673/the-5-best-songs-of-the-week-184/
184,2017-03-24,2,Feist,Pleasure,yes,yes,https://stereogum.com/1931673/the-5-best-songs-of-the-week-184/
184,2017-03-24,3,Soccer Mommy,Last Girl,yes,yes,https://stereogum.com/1931673/the-5-best-songs-of-the-week-184/
184,2017-03-24,4,Gorillaz,Andromeda,yes,yes,https://stereogum.com/1931673/the-5-best-songs-of-the-week-184/
184,2017-03-24,5,Drake,Passionfruit,yes,yes,https://stereogum.com/1931673/the-5-best-songs-of-the-week-184/
183,2017-03-17,1,Frank Ocean,Chanel,yes,yes,https://stereogum.com/1930423/the-5-best-songs-of-the-week-183/
183,2017-03-17,2,Downtown Boys,Somos Chulas (No Somos Pendejas),yes,yes,https://stereogum.com/1930423/the-5-best-songs-of-the-week-183/
183,2017-03-17,3,EMA,Stand With You (Song For Ghostship),yes,yes,https://stereogum.com/1930423/the-5-best-songs-of-the-week-183/
183,2017-03-17,4,Tinashe,Flame,yes,yes,https://stereogum.com/1930423/the-5-best-songs-of-the-week-183/
183,2017-03-17,5,Tara Jane O'Neil,Blow,yes,yes,https://stereogum.com/1930423/the-5-best-songs-of-the-week-183/
182,2017-03-10,1,PWR BTTM,Answer My Text,yes,yes,https://stereogum.com/1929246/the-5-best-songs-of-the-week-182/
182,2017-03-10,2,Pallbearer,I Saw The End,yes,yes,https://stereogum.com/1929246/the-5-best-songs-of-the-week-182/
182,2017-03-10,3,Girlpool,123,yes,yes,https://stereogum.com/1929246/the-5-best-songs-of-the-week-182/
182,2017-03-10,4,Flasher,Winnie,yes,yes,https://stereogum.com/1929246/the-5-best-songs-of-the-week-182/
182,2017-03-10,5,Joan Shelley,Wild Indifference,yes,yes,https://stereogum.com/1929246/the-5-best-songs-of-the-week-182/
181,2017-03-03,1,Lorde,Green Light,yes,yes,https://stereogum.com/1927999/the-5-best-songs-of-the-week-181/
181,2017-03-03,2,Charly Bliss,Percolator,yes,yes,https://stereogum.com/1927999/the-5-best-songs-of-the-week-181/
181,2017-03-03,3,Calvin Harris,Slide (Feat. Frank Ocean & Migos),yes,yes,https://stereogum.com/1927999/the-5-best-songs-of-the-week-181/
181,2017-03-03,4,Alex G,Bobby,yes,yes,https://stereogum.com/1927999/the-5-best-songs-of-the-week-181/
181,2017-03-03,5,Young Thug,Safe,yes,yes,https://stereogum.com/1927999/the-5-best-songs-of-the-week-181/
180,2017-02-24,1,Arca,Piel,no,yes,https://stereogum.com/1926495/the-5-best-songs-of-the-week-180/
180,2017-02-24,2,Lana Del Rey,Love,no,yes,https://stereogum.com/1926495/the-5-best-songs-of-the-week-180/
180,2017-02-24,3,Mathew Lee Cothran,Farrah Abraham,no,yes,https://stereogum.com/1926495/the-5-best-songs-of-the-week-180/
180,2017-02-24,4,Future,Mask Off,no,yes,https://stereogum.com/1926495/the-5-best-songs-of-the-week-180/
180,2017-02-24,5,Slingshot Dakota,Grudge,no,yes,https://stereogum.com/1926495/the-5-best-songs-of-the-week-180/
179,2017-02-17,1,Mount Eerie,Ravens,no,no,https://stereogum.com/1925482/the-5-best-songs-of-the-week-179/
179,2017-02-17,2,PWR BTTM,Big Beautiful Day,no,no,https://stereogum.com/1925482/the-5-best-songs-of-the-week-179/
179,2017-02-17,3,Sorority Noise,A Better Sun,no,no,https://stereogum.com/1925482/the-5-best-songs-of-the-week-179/
179,2017-02-17,4,The Jesus & Mary Chain,Always Sad,no,no,https://stereogum.com/1925482/the-5-best-songs-of-the-week-179/
179,2017-02-17,5,Half Waif,Night Heat,no,no,https://stereogum.com/1925482/the-5-best-songs-of-the-week-179/
178,2017-02-10,1,Vince Staples,BagBak,no,no,https://stereogum.com/1924071/the-5-best-songs-of-the-week-178/
178,2017-02-10,2,Charly Bliss,Glitter,no,no,https://stereogum.com/1924071/the-5-best-songs-of-the-week-178/
178,2017-02-10,3,Danny Brown & Paul White,Accelerator,no,no,https://stereogum.com/1924071/the-5-best-songs-of-the-week-178/
178,2017-02-10,4,Jeremih,I Think Of You (Feat. Chris Brown & Big Sean),no,no,https://stereogum.com/1924071/the-5-best-songs-of-the-week-178/
178,2017-02-10,5,Lydia Ainsworth,Afterglow,no,no,https://stereogum.com/1924071/the-5-best-songs-of-the-week-178/
177,2017-02-03,1,Half Waif,Frost Burn,no,no,https://stereogum.com/1922914/the-5-best-songs-of-the-week-177/
177,2017-02-03,2,The Magnetic Fields,'83 Foxx And I,no,no,https://stereogum.com/1922914/the-5-best-songs-of-the-week-177/
177,2017-02-03,3,Tara Jane O'Neil,Sand,no,no,https://stereogum.com/1922914/the-5-best-songs-of-the-week-177/
177,2017-02-03,4,Jay Som,1 Billion Dogs,no,no,https://stereogum.com/1922914/the-5-best-songs-of-the-week-177/
177,2017-02-03,5,Pallbearer,Thorns,no,no,https://stereogum.com/1922914/the-5-best-songs-of-the-week-177/
176,2017-01-27,1,Mount Eerie,Real Death,no,no,https://stereogum.com/1921875/the-5-best-songs-of-the-week-176/
176,2017-01-27,2,Father John Misty,Pure Comedy,no,no,https://stereogum.com/1921875/the-5-best-songs-of-the-week-176/
176,2017-01-27,3,La Neve,American Sounds,no,no,https://stereogum.com/1921875/the-5-best-songs-of-the-week-176/
176,2017-01-27,4,PWR BTTM,Vacation,no,no,https://stereogum.com/1921875/the-5-best-songs-of-the-week-176/
176,2017-01-27,5,Angel Olsen,Fly On Your Wall,no,no,https://stereogum.com/1921875/the-5-best-songs-of-the-week-176/
175,2017-01-20,1,Sorority Noise,No Halo,no,no,https://stereogum.com/1920875/the-5-best-songs-of-the-week-175/
175,2017-01-20,2,Allison Crutchfield,Expatriate,no,no,https://stereogum.com/1920875/the-5-best-songs-of-the-week-175/
175,2017-01-20,3,Priests,Nicki,no,no,https://stereogum.com/1920875/the-5-best-songs-of-the-week-175/
175,2017-01-20,4,Japandroids,Arc Of Bar,no,no,https://stereogum.com/1920875/the-5-best-songs-of-the-week-175/
175,2017-01-20,5,Spoon,Hot Thoughts,no,no,https://stereogum.com/1920875/the-5-best-songs-of-the-week-175/
174,2017-01-13,1,Allison Crutchfield,I Don't Ever Wanna Leave California,no,no,https://stereogum.com/1919695/the-5-best-songs-of-the-week-174/
174,2017-01-13,2,Laura Marling,Wild Fire,no,no,https://stereogum.com/1919695/the-5-best-songs-of-the-week-174/
174,2017-01-13,3,Sampha,No One Knows Me (Like The Piano),no,no,https://stereogum.com/1919695/the-5-best-songs-of-the-week-174/
174,2017-01-13,4,Jay Som,The Bus Song,no,no,https://stereogum.com/1919695/the-5-best-songs-of-the-week-174/
174,2017-01-13,5,Blanck Mass,Please,no,no,https://stereogum.com/1919695/the-5-best-songs-of-the-week-174/
173,2017-01-06,1,Run The Jewels,Thursday In The Danger Room,no,no,https://stereogum.com/1918574/the-5-best-songs-of-the-week-173/
173,2017-01-06,2,Grouper,Headache,no,no,https://stereogum.com/1918574/the-5-best-songs-of-the-week-173/
173,2017-01-06,3,Jeremih & Chance The Rapper,Snowed In,no,no,https://stereogum.com/1918574/the-5-best-songs-of-the-week-173/
173,2017-01-06,4,Maryn Jones,The Light,no,no,https://stereogum.com/1918574/the-5-best-songs-of-the-week-173/
173,2017-01-06,5,Dirty Projectors,Little Bubble,no,no,https://stereogum.com/1918574/the-5-best-songs-of-the-week-173/
